{
  "best_val_mae": 2.0750094295441013,
  "final_val_mae": 2.128727513528133,
  "epochs": 100,
  "backbone": "resnet50",
  "num_bins": 180,
  "label_smoothing": 25.394889109546007,
  "lr": 0.00011916095713775816,
  "batch_size": 48
}